LucenePackage.java,0,0,0,0,0
package-info.java,0,0,0,0,0
analysis/Analyzer.java,0,3,3,0.4,0
analysis/AnalyzerWrapper.java,0,2,2,0.666666666667,0
analysis/CachingTokenFilter.java,0,2,2,0.666666666667,1
analysis/CharacterUtils.java,0,0,0,0,0
analysis/CharArrayMap.java,0,0,0,0,0
analysis/CharArraySet.java,0,0,0,0,0
analysis/CharFilter.java,0,0,0,0,0
analysis/DelegatingAnalyzerWrapper.java,0,1,1,1.0,0
analysis/FilteringTokenFilter.java,0,0,0,0,0
analysis/LowerCaseFilter.java,0,0,0,0,0
analysis/package-info.java,0,0,0,0,1
analysis/ReusableStringReader.java,0,0,0,0,0
analysis/StopFilter.java,0,0,0,0,0
analysis/StopwordAnalyzerBase.java,0,0,0,0,0
analysis/Token.java,0,2,2,0.666666666667,1
analysis/TokenFilter.java,0,0,0,0,0
analysis/Tokenizer.java,0,2,2,0.666666666667,0
analysis/TokenStream.java,0,2,2,0.666666666667,1
analysis/TokenStreamToAutomaton.java,0,2,2,0.75,0
analysis/WordlistLoader.java,0,0,0,0,0
analysis/standard/package-info.java,0,0,0,0,0
analysis/standard/StandardAnalyzer.java,0,0,0,0,0
analysis/standard/StandardFilter.java,0,0,0,0,0
analysis/standard/StandardTokenizer.java,0,0,0,0,0
analysis/standard/StandardTokenizerImpl.java,0,0,0,0,0
analysis/tokenattributes/BytesTermAttribute.java,0,0,0,0,0
analysis/tokenattributes/BytesTermAttributeImpl.java,0,0,0,0,0
analysis/tokenattributes/CharTermAttribute.java,0,1,1,1.0,0
analysis/tokenattributes/CharTermAttributeImpl.java,0,3,3,0.333333333333,0
analysis/tokenattributes/FlagsAttribute.java,0,0,0,0,0
analysis/tokenattributes/FlagsAttributeImpl.java,0,0,0,0,0
analysis/tokenattributes/KeywordAttribute.java,0,0,0,0,0
analysis/tokenattributes/KeywordAttributeImpl.java,0,0,0,0,0
analysis/tokenattributes/OffsetAttribute.java,0,0,0,0,0
analysis/tokenattributes/OffsetAttributeImpl.java,0,0,0,0,0
analysis/tokenattributes/package-info.java,0,0,0,0,0
analysis/tokenattributes/PackedTokenAttributeImpl.java,0,1,1,1.0,0
analysis/tokenattributes/PayloadAttribute.java,0,1,1,1.0,0
analysis/tokenattributes/PayloadAttributeImpl.java,0,1,1,1.0,0
analysis/tokenattributes/PositionIncrementAttribute.java,0,0,0,0,0
analysis/tokenattributes/PositionIncrementAttributeImpl.java,0,0,0,0,0
analysis/tokenattributes/PositionLengthAttribute.java,0,0,0,0,0
analysis/tokenattributes/PositionLengthAttributeImpl.java,0,0,0,0,0
analysis/tokenattributes/TermToBytesRefAttribute.java,0,1,1,1.0,0
analysis/tokenattributes/TypeAttribute.java,0,0,0,0,0
analysis/tokenattributes/TypeAttributeImpl.java,0,0,0,0,0
codecs/BlockTermState.java,0,0,0,0,1
codecs/Codec.java,0,1,1,1.0,1
codecs/CodecUtil.java,0,2,2,0.916666666667,0
codecs/CompoundFormat.java,0,2,2,0.833333333333,0
codecs/DocValuesConsumer.java,0,5,5,0.416666666667,0
codecs/DocValuesFormat.java,0,1,1,1.0,1
codecs/DocValuesProducer.java,0,2,2,0.833333333333,0
codecs/FieldInfosFormat.java,0,1,1,1.0,0
codecs/FieldsConsumer.java,0,3,3,0.5,0
codecs/FieldsProducer.java,0,2,2,0.666666666667,0
codecs/FilterCodec.java,0,1,1,1.0,0
codecs/LiveDocsFormat.java,0,0,0,0,0
codecs/MultiLevelSkipListReader.java,0,1,1,1.0,0
codecs/MultiLevelSkipListWriter.java,0,1,1,1.0,0
codecs/MutablePointsReader.java,0,0,0,0,0
codecs/NormsConsumer.java,0,3,3,0.5,0
codecs/NormsFormat.java,0,1,1,1.0,0
codecs/NormsProducer.java,0,1,1,1.0,0
codecs/package-info.java,0,0,0,0,1
codecs/PointsFormat.java,0,0,0,0,0
codecs/PointsReader.java,0,0,0,0,0
codecs/PointsWriter.java,0,0,0,0,0
codecs/PostingsFormat.java,0,1,1,1.0,1
codecs/PostingsReaderBase.java,0,3,3,0.4,0
codecs/PostingsWriterBase.java,0,1,1,1.0,0
codecs/PushPostingsWriterBase.java,0,2,2,0.666666666667,1
codecs/SegmentInfoFormat.java,0,1,1,1.0,1
codecs/StoredFieldsFormat.java,0,0,0,0,0
codecs/StoredFieldsReader.java,0,3,3,0.5,0
codecs/StoredFieldsWriter.java,0,3,3,0.5,1
codecs/TermStats.java,0,0,0,0,0
codecs/TermVectorsFormat.java,0,0,0,0,0
codecs/TermVectorsReader.java,0,2,2,0.666666666667,0
codecs/TermVectorsWriter.java,0,5,5,0.285714285714,2
codecs/blocktree/BitSetPostingsEnum.java,0,0,0,0,0
codecs/blocktree/BitSetTermsEnum.java,0,0,0,0,0
codecs/blocktree/BlockTreeTermsReader.java,0,5,5,0.421052631579,0
codecs/blocktree/BlockTreeTermsWriter.java,0,4,4,0.666666666667,1
codecs/blocktree/FieldReader.java,0,4,4,0.384615384615,0
codecs/blocktree/IntersectTermsEnum.java,0,2,2,0.857142857143,0
codecs/blocktree/IntersectTermsEnumFrame.java,0,2,2,0.875,0
codecs/blocktree/package-info.java,0,0,0,0,0
codecs/blocktree/SegmentTermsEnum.java,0,4,4,0.733333333333,0
codecs/blocktree/SegmentTermsEnumFrame.java,0,2,2,0.875,0
codecs/blocktree/Stats.java,0,3,3,0.5,0
codecs/compressing/CompressingStoredFieldsFormat.java,0,2,2,0.833333333333,0
codecs/compressing/CompressingStoredFieldsIndexReader.java,0,2,2,0.571428571429,0
codecs/compressing/CompressingStoredFieldsIndexWriter.java,0,2,2,0.5,1
codecs/compressing/CompressingStoredFieldsReader.java,1,2,3,0.681818181818,0
codecs/compressing/CompressingStoredFieldsWriter.java,1,3,4,0.666666666667,0
codecs/compressing/CompressingTermVectorsFormat.java,0,1,1,1.0,0
codecs/compressing/CompressingTermVectorsReader.java,0,2,2,0.866666666667,4
codecs/compressing/CompressingTermVectorsWriter.java,0,4,4,0.777777777778,0
codecs/compressing/CompressionMode.java,0,2,2,0.833333333333,0
codecs/compressing/Compressor.java,0,0,0,0,0
codecs/compressing/Decompressor.java,0,0,0,0,0
codecs/compressing/GrowableByteArrayDataOutput.java,0,0,0,0,0
codecs/compressing/LZ4.java,0,0,0,0,0
codecs/compressing/MatchingReaders.java,0,3,3,0.6,0
codecs/compressing/package-info.java,0,0,0,0,0
codecs/lucene50/ForUtil.java,0,1,1,1.0,0
codecs/lucene50/Lucene50CompoundFormat.java,0,2,2,0.888888888889,0
codecs/lucene50/Lucene50CompoundReader.java,0,2,2,0.8,1
codecs/lucene50/Lucene50FieldInfosFormat.java,0,2,2,0.636363636364,1
codecs/lucene50/Lucene50LiveDocsFormat.java,0,1,1,1.0,1
codecs/lucene50/Lucene50PostingsFormat.java,0,2,2,0.6,1
codecs/lucene50/Lucene50PostingsReader.java,0,2,2,0.833333333333,6
codecs/lucene50/Lucene50PostingsWriter.java,0,2,2,0.8,0
codecs/lucene50/Lucene50SkipReader.java,0,2,2,0.5,0
codecs/lucene50/Lucene50SkipWriter.java,0,2,2,0.5,0
codecs/lucene50/Lucene50StoredFieldsFormat.java,0,1,1,1.0,1
codecs/lucene50/Lucene50TermVectorsFormat.java,0,1,1,1.0,1
codecs/lucene50/package-info.java,0,0,0,0,1
codecs/lucene53/Lucene53NormsConsumer.java,0,0,0,0,0
codecs/lucene53/Lucene53NormsFormat.java,0,0,0,0,0
codecs/lucene53/Lucene53NormsProducer.java,0,0,0,0,0
codecs/lucene53/package-info.java,0,0,0,0,0
codecs/lucene54/Lucene54DocValuesConsumer.java,0,0,0,0,0
codecs/lucene54/Lucene54DocValuesFormat.java,0,0,0,0,0
codecs/lucene54/Lucene54DocValuesProducer.java,0,0,0,0,0
codecs/lucene54/package-info.java,0,0,0,0,0
codecs/lucene60/Lucene60FieldInfosFormat.java,0,0,0,0,0
codecs/lucene60/Lucene60PointsFormat.java,0,0,0,0,0
codecs/lucene60/Lucene60PointsReader.java,0,0,0,0,0
codecs/lucene60/Lucene60PointsWriter.java,0,0,0,0,0
codecs/lucene60/package-info.java,0,0,0,0,0
codecs/lucene62/Lucene62Codec.java,0,0,0,0,0
codecs/lucene62/Lucene62SegmentInfoFormat.java,0,0,0,0,0
codecs/lucene62/package-info.java,0,0,0,0,0
codecs/perfield/package-info.java,0,0,0,0,0
codecs/perfield/PerFieldDocValuesFormat.java,0,3,3,0.7,0
codecs/perfield/PerFieldPostingsFormat.java,0,4,4,0.545454545455,0
document/BinaryDocValuesField.java,0,1,1,1.0,0
document/BinaryPoint.java,0,0,0,0,0
document/DateTools.java,0,0,0,0,0
document/Document.java,0,2,2,0.833333333333,0
document/DocumentStoredFieldVisitor.java,0,2,2,0.5,0
document/DoubleDocValuesField.java,0,2,2,0.5,0
document/DoublePoint.java,0,0,0,0,0
document/Field.java,0,3,3,0.625,1
document/FieldType.java,0,2,2,0.857142857143,0
document/FloatDocValuesField.java,0,2,2,0.5,0
document/FloatPoint.java,0,0,0,0,0
document/IntPoint.java,0,0,0,0,0
document/LongPoint.java,0,0,0,0,0
document/NumericDocValuesField.java,0,1,1,1.0,0
document/package-info.java,0,0,0,0,0
document/SortedDocValuesField.java,0,1,1,1.0,0
document/SortedNumericDocValuesField.java,0,2,2,0.666666666667,0
document/SortedSetDocValuesField.java,0,1,1,1.0,0
document/StoredField.java,0,0,0,0,0
document/StringField.java,0,1,1,1.0,0
document/TextField.java,0,1,1,1.0,0
geo/GeoEncodingUtils.java,0,0,0,0,0
geo/GeoUtils.java,0,0,0,0,0
geo/package-info.java,0,0,0,0,0
geo/Polygon.java,0,0,0,0,0
geo/Polygon2D.java,0,0,0,0,0
geo/Rectangle.java,0,0,0,0,0
geo/SimpleGeoJSONPolygonParser.java,0,0,0,0,0
index/AbortingException.java,0,1,1,1.0,0
index/AutomatonTermsEnum.java,0,4,4,0.571428571429,0
index/BaseCompositeReader.java,0,1,1,1.0,1
index/BinaryDocValues.java,0,1,1,1.0,0
index/BinaryDocValuesFieldUpdates.java,0,3,3,0.666666666667,0
index/BinaryDocValuesWriter.java,0,3,3,0.5,0
index/BitsSlice.java,0,0,0,0,0
index/BufferedUpdates.java,0,3,3,0.333333333333,0
index/BufferedUpdatesStream.java,0,5,5,0.363636363636,2
index/ByteSliceReader.java,0,0,0,0,0
index/ByteSliceWriter.java,0,0,0,0,0
index/CheckIndex.java,3,3,6,0.405405405405,10
index/CoalescedUpdates.java,0,3,3,0.5,0
index/CodecReader.java,0,1,1,1.0,0
index/CompositeReader.java,0,1,1,1.0,0
index/CompositeReaderContext.java,0,2,2,0.5,0
index/ConcurrentMergeScheduler.java,0,3,3,0.785714285714,2
index/CorruptIndexException.java,0,4,4,0.25,0
index/DefaultIndexingChain.java,1,2,3,0.5,1
index/DirectoryReader.java,0,2,2,0.8,2
index/DocConsumer.java,0,1,1,1.0,0
index/DocIDMerger.java,0,0,0,0,0
index/DocumentsWriter.java,0,4,4,0.470588235294,6
index/DocumentsWriterDeleteQueue.java,0,3,3,0.5,0
index/DocumentsWriterFlushControl.java,0,4,4,0.444444444444,2
index/DocumentsWriterFlushQueue.java,0,2,2,0.666666666667,0
index/DocumentsWriterPerThread.java,0,4,4,0.555555555556,3
index/DocumentsWriterPerThreadPool.java,0,1,1,1.0,2
index/DocumentsWriterStallControl.java,0,2,2,0.666666666667,1
index/DocValues.java,0,3,3,0.625,0
index/DocValuesFieldUpdates.java,0,2,2,0.75,0
index/DocValuesType.java,0,2,2,0.666666666667,0
index/DocValuesUpdate.java,0,2,2,0.75,0
index/DocValuesWriter.java,0,1,1,1.0,0
index/ExitableDirectoryReader.java,0,2,2,0.5,1
index/FieldInfo.java,0,2,2,0.642857142857,0
index/FieldInfos.java,0,2,2,0.727272727273,0
index/FieldInvertState.java,0,2,2,0.75,0
index/Fields.java,0,0,0,0,0
index/FieldTermIterator.java,0,1,1,1.0,0
index/FilterCodecReader.java,0,1,1,1.0,0
index/FilterDirectoryReader.java,0,3,3,0.5,2
index/FilteredTermsEnum.java,0,1,1,1.0,0
index/FilterLeafReader.java,0,3,3,0.4,3
index/FlushByRamOrCountsPolicy.java,0,2,2,0.666666666667,0
index/FlushPolicy.java,0,1,1,1.0,0
index/FreqProxFields.java,0,3,3,0.6,4
index/FreqProxTermsWriter.java,0,2,2,0.888888888889,0
index/FreqProxTermsWriterPerField.java,0,1,1,1.0,0
index/FrozenBufferedUpdates.java,0,4,4,0.4,0
index/IndexableField.java,0,3,3,0.6,0
index/IndexableFieldType.java,0,1,1,1.0,0
index/IndexCommit.java,0,1,1,1.0,0
index/IndexDeletionPolicy.java,0,1,1,1.0,0
index/IndexFileDeleter.java,0,2,2,0.5,2
index/IndexFileNames.java,0,3,3,0.6,0
index/IndexFormatTooNewException.java,0,2,2,0.5,0
index/IndexFormatTooOldException.java,0,2,2,0.5,0
index/IndexNotFoundException.java,0,0,0,0,0
index/IndexOptions.java,0,1,1,1.0,0
index/IndexReader.java,0,5,5,0.285714285714,0
index/IndexReaderContext.java,0,1,1,1.0,0
index/IndexUpgrader.java,0,3,3,0.333333333333,1
index/IndexWriter.java,6,3,9,0.436781609195,12
index/IndexWriterConfig.java,0,4,4,0.5,2
index/KeepOnlyLastCommitDeletionPolicy.java,0,0,0,0,0
index/LeafReader.java,0,3,3,0.5,3
index/LeafReaderContext.java,0,2,2,0.5,0
index/LiveIndexWriterConfig.java,0,4,4,0.444444444444,1
index/LogByteSizeMergePolicy.java,0,1,1,1.0,1
index/LogDocMergePolicy.java,0,1,1,1.0,0
index/LogMergePolicy.java,0,4,4,0.333333333333,0
index/MappedMultiFields.java,0,2,2,0.5,0
index/MappingMultiPostingsEnum.java,0,0,0,0,0
index/MergedPrefixCodedTermsIterator.java,0,1,1,1.0,0
index/MergePolicy.java,0,6,6,0.466666666667,0
index/MergePolicyWrapper.java,0,0,0,0,0
index/MergeRateLimiter.java,0,1,1,1.0,0
index/MergeReaderWrapper.java,0,0,0,0,0
index/MergeScheduler.java,0,2,2,0.666666666667,0
index/MergeState.java,0,4,4,0.6,0
index/MergeTrigger.java,0,2,2,0.666666666667,0
index/MultiBits.java,0,0,0,0,0
index/MultiDocValues.java,0,4,4,0.473684210526,0
index/MultiFields.java,0,3,3,0.5,3
index/MultiPostingsEnum.java,0,0,0,0,0
index/MultiReader.java,0,0,0,0,1
index/MultiSorter.java,0,0,0,0,0
index/MultiTerms.java,0,3,3,0.333333333333,0
index/MultiTermsEnum.java,0,1,1,1.0,1
index/NoDeletionPolicy.java,0,0,0,0,0
index/NoMergePolicy.java,0,2,2,0.666666666667,0
index/NoMergeScheduler.java,0,2,2,0.5,0
index/NormValuesWriter.java,0,1,1,1.0,0
index/NumericDocValues.java,0,2,2,0.5,0
index/NumericDocValuesFieldUpdates.java,0,2,2,0.8,0
index/NumericDocValuesWriter.java,0,4,4,0.25,0
index/OrdTermState.java,0,1,1,1.0,0
index/package-info.java,0,0,0,0,2
index/ParallelCompositeReader.java,0,1,1,1.0,0
index/ParallelLeafReader.java,0,3,3,0.5,0
index/ParallelPostingsArray.java,0,0,0,0,0
index/PersistentSnapshotDeletionPolicy.java,0,2,2,0.666666666667,0
index/PointValues.java,0,0,0,0,0
index/PointValuesWriter.java,0,0,0,0,0
index/PostingsEnum.java,0,0,0,0,3
index/PrefixCodedTerms.java,0,3,3,0.5,0
index/QueryTimeout.java,0,1,1,1.0,0
index/QueryTimeoutImpl.java,0,1,1,1.0,0
index/RandomAccessOrds.java,0,1,1,1.0,0
index/ReaderManager.java,0,2,2,0.5,0
index/ReadersAndUpdates.java,0,3,3,0.416666666667,0
index/ReaderSlice.java,0,0,0,0,0
index/ReaderUtil.java,0,1,1,1.0,0
index/SegmentCommitInfo.java,0,3,3,0.5,2
index/SegmentCoreReaders.java,0,5,5,0.625,0
index/SegmentDocValues.java,0,3,3,0.6,0
index/SegmentDocValuesProducer.java,0,3,3,0.625,0
index/SegmentInfo.java,0,4,4,0.5,2
index/SegmentInfos.java,1,2,3,0.619047619048,9
index/SegmentMerger.java,0,4,4,0.625,0
index/SegmentReader.java,1,5,6,0.59375,1
index/SegmentReadState.java,0,0,0,0,0
index/SegmentWriteState.java,0,2,2,0.666666666667,0
index/SerialMergeScheduler.java,0,1,1,1.0,0
index/SimpleMergedSegmentWarmer.java,0,3,3,0.333333333333,0
index/SingleTermsEnum.java,0,0,0,0,0
index/SingletonSortedNumericDocValues.java,0,1,1,1.0,0
index/SingletonSortedSetDocValues.java,0,1,1,1.0,0
index/SlowCodecReaderWrapper.java,0,1,1,1.0,0
index/SnapshotDeletionPolicy.java,0,2,2,0.5,0
index/SortedDocValues.java,0,1,1,1.0,0
index/SortedDocValuesTermsEnum.java,0,2,2,0.666666666667,0
index/SortedDocValuesWriter.java,0,2,2,0.5,0
index/SortedNumericDocValues.java,0,1,1,1.0,0
index/SortedNumericDocValuesWriter.java,0,2,2,0.5,0
index/SortedSetDocValues.java,0,1,1,1.0,0
index/SortedSetDocValuesTermsEnum.java,0,2,2,0.666666666667,0
index/SortedSetDocValuesWriter.java,0,3,3,0.333333333333,0
index/Sorter.java,0,0,0,0,0
index/SortingLeafReader.java,0,0,0,0,0
index/StandardDirectoryReader.java,0,4,4,0.444444444444,2
index/StoredFieldVisitor.java,0,0,0,0,0
index/Term.java,0,1,1,1.0,0
index/TermContext.java,0,2,2,0.5,3
index/Terms.java,0,4,4,0.428571428571,0
index/TermsEnum.java,0,0,0,0,2
index/TermsHash.java,0,2,2,0.666666666667,0
index/TermsHashPerField.java,0,3,3,0.5,0
index/TermState.java,0,0,0,0,1
index/TermVectorsConsumer.java,0,2,2,0.666666666667,0
index/TermVectorsConsumerPerField.java,0,1,1,1.0,0
index/TieredMergePolicy.java,0,5,5,0.444444444444,0
index/TwoPhaseCommit.java,0,0,0,0,0
index/TwoPhaseCommitTool.java,0,1,1,1.0,0
index/UpgradeIndexMergePolicy.java,0,4,4,0.4,0
search/AutomatonQuery.java,0,2,2,0.666666666667,1
search/BlendedTermQuery.java,0,0,0,0,0
search/BooleanClause.java,0,0,0,0,1
search/BooleanQuery.java,0,5,5,0.470588235294,4
search/BooleanScorer.java,0,3,3,0.666666666667,0
search/BooleanWeight.java,0,0,0,0,2
search/BoostAttribute.java,0,0,0,0,0
search/BoostAttributeImpl.java,0,0,0,0,0
search/BoostQuery.java,0,0,0,0,0
search/BulkScorer.java,0,2,2,0.666666666667,0
search/CachingCollector.java,0,3,3,0.6,1
search/CollectionStatistics.java,0,0,0,0,0
search/CollectionTerminatedException.java,0,1,1,1.0,0
search/Collector.java,0,2,2,0.5,1
search/CollectorManager.java,0,0,0,0,0
search/ConjunctionDISI.java,0,0,0,0,1
search/ConjunctionScorer.java,0,1,1,1.0,1
search/ConstantScoreQuery.java,0,3,3,0.5,4
search/ConstantScoreScorer.java,0,0,0,0,0
search/ConstantScoreWeight.java,0,0,0,0,1
search/ControlledRealTimeReopenThread.java,0,2,2,0.5,0
search/DisiPriorityQueue.java,0,0,0,0,0
search/DisiWrapper.java,0,0,0,0,0
search/DisjunctionDISIApproximation.java,0,0,0,0,0
search/DisjunctionMaxQuery.java,0,3,3,0.5,3
search/DisjunctionMaxScorer.java,0,1,1,1.0,0
search/DisjunctionScorer.java,0,1,1,1.0,1
search/DisjunctionSumScorer.java,0,1,1,1.0,0
search/DocIdSet.java,0,3,3,0.5,0
search/DocIdSetIterator.java,0,0,0,0,0
search/DocValuesRewriteMethod.java,0,2,2,0.5,1
search/EarlyTerminatingSortingCollector.java,0,0,0,0,0
search/ExactPhraseScorer.java,0,1,1,1.0,1
search/Explanation.java,0,1,1,1.0,3
search/FakeScorer.java,0,2,2,0.666666666667,0
search/FieldComparator.java,0,4,4,0.538461538462,0
search/FieldComparatorSource.java,0,0,0,0,0
search/FieldDoc.java,0,1,1,1.0,0
search/FieldValueHitQueue.java,0,2,2,0.666666666667,0
search/FieldValueQuery.java,0,0,0,0,0
search/FilterCollector.java,0,2,2,0.5,1
search/FilteredDocIdSetIterator.java,0,1,1,1.0,0
search/FilterLeafCollector.java,0,1,1,1.0,0
search/FilterScorer.java,0,1,1,1.0,0
search/FilterWeight.java,0,0,0,0,0
search/FuzzyQuery.java,0,2,2,0.666666666667,1
search/FuzzyTermsEnum.java,0,3,3,0.714285714286,0
search/HitQueue.java,0,0,0,0,0
search/IndexSearcher.java,0,4,4,0.363636363636,3
search/LeafCollector.java,0,2,2,0.6,0
search/LeafFieldComparator.java,0,1,1,1.0,0
search/LiveFieldValues.java,0,3,3,0.4,0
search/LRUQueryCache.java,0,0,0,0,1
search/MatchAllDocsQuery.java,0,3,3,0.333333333333,2
search/MatchNoDocsQuery.java,0,0,0,0,0
search/MaxNonCompetitiveBoostAttribute.java,0,0,0,0,0
search/MaxNonCompetitiveBoostAttributeImpl.java,0,0,0,0,0
search/MinShouldMatchSumScorer.java,0,1,1,1.0,0
search/MultiCollector.java,0,2,2,0.666666666667,1
search/MultiPhraseQuery.java,0,3,3,0.666666666667,13
search/Multiset.java,0,0,0,0,0
search/MultiTermQuery.java,0,2,2,0.5,2
search/MultiTermQueryConstantScoreWrapper.java,0,0,0,0,1
search/NGramPhraseQuery.java,0,0,0,0,0
search/package-info.java,0,0,0,0,2
search/PhrasePositions.java,0,0,0,0,0
search/PhraseQuery.java,0,3,3,0.6,13
search/PhraseQueue.java,0,0,0,0,0
search/PointInSetQuery.java,0,0,0,0,0
search/PointRangeQuery.java,0,0,0,0,0
search/PositiveScoresOnlyCollector.java,0,2,2,0.5,0
search/PrefixQuery.java,0,1,1,1.0,0
search/Query.java,0,0,0,0,1
search/QueryCache.java,0,0,0,0,0
search/QueryCachingPolicy.java,0,0,0,0,1
search/QueryRescorer.java,0,3,3,0.5,2
search/RandomAccessWeight.java,0,0,0,0,0
search/ReferenceManager.java,0,2,2,0.5,0
search/RegexpQuery.java,0,1,1,1.0,0
search/ReqExclBulkScorer.java,0,0,0,0,0
search/ReqExclScorer.java,0,1,1,1.0,0
search/ReqOptSumScorer.java,0,1,1,1.0,0
search/Rescorer.java,0,1,1,1.0,0
search/ScoreCachingWrappingScorer.java,0,3,3,0.333333333333,0
search/ScoreDoc.java,0,0,0,0,0
search/Scorer.java,0,2,2,0.5,0
search/ScoringRewrite.java,0,1,1,1.0,0
search/SearcherFactory.java,0,0,0,0,0
search/SearcherLifetimeManager.java,0,1,1,1.0,0
search/SearcherManager.java,0,2,2,0.666666666667,0
search/SimpleCollector.java,0,2,2,0.666666666667,0
search/SimpleFieldComparator.java,0,1,1,1.0,0
search/SloppyPhraseScorer.java,0,3,3,0.4,1
search/Sort.java,0,2,2,0.5,1
search/SortedNumericSelector.java,0,1,1,1.0,0
search/SortedNumericSortField.java,0,2,2,0.5,1
search/SortedSetSelector.java,0,1,1,1.0,0
search/SortedSetSortField.java,0,2,2,0.5,1
search/SortField.java,0,3,3,0.5,0
search/SortRescorer.java,0,3,3,0.6,1
search/SynonymQuery.java,0,0,0,0,0
search/TermCollectingRewrite.java,0,2,2,0.5,0
search/TermQuery.java,0,2,2,0.5,6
search/TermRangeQuery.java,0,1,1,1.0,0
search/TermScorer.java,0,0,0,0,0
search/TermStatistics.java,0,0,0,0,0
search/TimeLimitingCollector.java,0,3,3,0.333333333333,3
search/TopDocs.java,0,1,1,1.0,0
search/TopDocsCollector.java,0,2,2,0.666666666667,0
search/TopFieldCollector.java,0,4,4,0.5,2
search/TopFieldDocs.java,0,0,0,0,0
search/TopScoreDocCollector.java,0,2,2,0.75,1
search/TopTermsRewrite.java,0,2,2,0.5,1
search/TotalHitCountCollector.java,0,1,1,1.0,1
search/TwoPhaseIterator.java,0,0,0,0,0
search/UsageTrackingQueryCachingPolicy.java,0,0,0,0,1
search/Weight.java,0,3,3,0.636363636364,1
search/WildcardQuery.java,0,3,3,0.666666666667,0
search/similarities/AfterEffect.java,0,0,0,0,1
search/similarities/AfterEffectB.java,0,0,0,0,1
search/similarities/AfterEffectL.java,0,0,0,0,1
search/similarities/BasicModel.java,0,0,0,0,1
search/similarities/BasicModelBE.java,0,0,0,0,0
search/similarities/BasicModelD.java,0,0,0,0,0
search/similarities/BasicModelG.java,0,0,0,0,0
search/similarities/BasicModelIF.java,0,0,0,0,0
search/similarities/BasicModelIn.java,0,0,0,0,1
search/similarities/BasicModelIne.java,0,0,0,0,0
search/similarities/BasicModelP.java,0,0,0,0,0
search/similarities/BasicStats.java,0,0,0,0,0
search/similarities/BM25Similarity.java,0,1,1,1.0,2
search/similarities/ClassicSimilarity.java,0,0,0,0,0
search/similarities/DFISimilarity.java,0,0,0,0,0
search/similarities/DFRSimilarity.java,0,0,0,0,1
search/similarities/Distribution.java,0,0,0,0,1
search/similarities/DistributionLL.java,0,0,0,0,0
search/similarities/DistributionSPL.java,0,0,0,0,0
search/similarities/IBSimilarity.java,0,0,0,0,2
search/similarities/Independence.java,0,0,0,0,0
search/similarities/IndependenceChiSquared.java,0,0,0,0,0
search/similarities/IndependenceSaturated.java,0,0,0,0,0
search/similarities/IndependenceStandardized.java,0,0,0,0,0
search/similarities/Lambda.java,0,0,0,0,0
search/similarities/LambdaDF.java,0,0,0,0,1
search/similarities/LambdaTTF.java,0,0,0,0,1
search/similarities/LMDirichletSimilarity.java,0,0,0,0,1
search/similarities/LMJelinekMercerSimilarity.java,0,0,0,0,1
search/similarities/LMSimilarity.java,0,0,0,0,1
search/similarities/MultiSimilarity.java,0,1,1,1.0,1
search/similarities/Normalization.java,0,0,0,0,1
search/similarities/NormalizationH1.java,0,0,0,0,0
search/similarities/NormalizationH2.java,0,0,0,0,0
search/similarities/NormalizationH3.java,0,0,0,0,0
search/similarities/NormalizationZ.java,0,0,0,0,0
search/similarities/package-info.java,0,0,0,0,1
search/similarities/PerFieldSimilarityWrapper.java,0,1,1,1.0,0
search/similarities/Similarity.java,0,2,2,0.5,2
search/similarities/SimilarityBase.java,0,2,2,0.5,1
search/similarities/TFIDFSimilarity.java,0,3,3,0.5,2
search/spans/ConjunctionSpans.java,0,0,0,0,0
search/spans/ContainSpans.java,0,0,0,0,1
search/spans/FieldMaskingSpanQuery.java,0,1,1,1.0,2
search/spans/FilterSpans.java,0,1,1,1.0,4
search/spans/NearSpansOrdered.java,0,3,3,0.333333333333,2
search/spans/NearSpansUnordered.java,0,3,3,0.333333333333,4
search/spans/package-info.java,0,0,0,0,2
search/spans/SpanBoostQuery.java,0,0,0,0,0
search/spans/SpanCollector.java,0,0,0,0,0
search/spans/SpanContainingQuery.java,0,0,0,0,0
search/spans/SpanContainQuery.java,0,0,0,0,0
search/spans/SpanFirstQuery.java,0,0,0,0,4
search/spans/SpanMultiTermQueryWrapper.java,0,2,2,0.666666666667,0
search/spans/SpanNearQuery.java,0,3,3,0.5,1
search/spans/SpanNotQuery.java,0,2,2,0.666666666667,3
search/spans/SpanOrQuery.java,0,2,2,0.666666666667,2
search/spans/SpanPositionCheckQuery.java,0,2,2,0.5,5
search/spans/SpanPositionQueue.java,0,0,0,0,0
search/spans/SpanPositionRangeQuery.java,0,0,0,0,3
search/spans/SpanQuery.java,0,2,2,0.5,2
search/spans/Spans.java,0,1,1,1.0,4
search/spans/SpanScorer.java,0,0,0,0,2
search/spans/SpanTermQuery.java,0,3,3,0.333333333333,5
search/spans/SpanWeight.java,0,3,3,0.333333333333,5
search/spans/SpanWithinQuery.java,0,0,0,0,0
search/spans/TermSpans.java,0,0,0,0,2
store/AlreadyClosedException.java,0,1,1,1.0,0
store/BaseDirectory.java,0,1,1,1.0,1
store/BufferedChecksum.java,0,1,1,1.0,0
store/BufferedChecksumIndexInput.java,0,2,2,0.666666666667,0
store/BufferedIndexInput.java,0,2,2,0.75,0
store/ByteArrayDataInput.java,0,1,1,1.0,0
store/ByteArrayDataOutput.java,0,0,0,0,0
store/ByteArrayIndexInput.java,0,0,0,0,0
store/ByteBufferGuard.java,0,0,0,0,0
store/ByteBufferIndexInput.java,0,4,4,0.428571428571,2
store/ChecksumIndexInput.java,0,2,2,0.5,0
store/DataInput.java,0,3,3,0.5,0
store/DataOutput.java,0,2,2,0.5,2
store/Directory.java,0,4,4,0.7,3
store/FileSwitchDirectory.java,0,3,3,0.666666666667,1
store/FilterDirectory.java,0,4,4,0.5,1
store/FlushInfo.java,0,0,0,0,0
store/FSDirectory.java,2,3,5,0.428571428571,3
store/FSLockFactory.java,0,3,3,0.333333333333,1
store/IndexInput.java,0,1,1,1.0,1
store/IndexOutput.java,0,2,2,0.5,0
store/InputStreamDataInput.java,0,0,0,0,0
store/IOContext.java,0,0,0,0,0
store/Lock.java,0,2,2,0.666666666667,1
store/LockFactory.java,0,1,1,1.0,1
store/LockObtainFailedException.java,0,1,1,1.0,1
store/LockReleaseFailedException.java,0,2,2,0.5,0
store/LockStressTest.java,0,5,5,0.333333333333,1
store/LockValidatingDirectoryWrapper.java,0,0,0,0,1
store/LockVerifyServer.java,0,1,1,1.0,0
store/MergeInfo.java,0,0,0,0,0
store/MMapDirectory.java,0,3,3,0.5,1
store/NativeFSLockFactory.java,0,5,5,0.444444444444,2
store/NIOFSDirectory.java,0,2,2,0.666666666667,1
store/NoLockFactory.java,0,2,2,0.5,1
store/NRTCachingDirectory.java,0,6,6,0.470588235294,0
store/OutputStreamDataOutput.java,0,0,0,0,0
store/OutputStreamIndexOutput.java,0,2,2,0.666666666667,0
store/package-info.java,0,0,0,0,0
store/RAMDirectory.java,0,6,6,0.461538461538,1
store/RAMFile.java,0,2,2,0.75,0
store/RAMInputStream.java,0,2,2,0.5,1
store/RAMOutputStream.java,0,4,4,0.583333333333,0
store/RandomAccessInput.java,0,1,1,1.0,0
store/RateLimitedIndexOutput.java,0,3,3,0.666666666667,0
store/RateLimiter.java,0,2,2,0.8,0
store/SimpleFSDirectory.java,0,2,2,0.6,1
store/SimpleFSLockFactory.java,0,3,3,0.428571428571,2
store/SingleInstanceLockFactory.java,0,3,3,0.333333333333,2
store/SleepingLockWrapper.java,0,0,0,0,0
store/TrackingDirectoryWrapper.java,0,1,1,1.0,0
store/VerifyingLockFactory.java,0,3,3,0.5,2
util/Accountable.java,0,2,2,0.6,0
util/Accountables.java,0,3,3,0.4,0
util/ArrayInPlaceMergeSorter.java,0,0,0,0,0
util/ArrayIntroSorter.java,0,0,0,0,0
util/ArrayTimSorter.java,0,0,0,0,0
util/ArrayUtil.java,0,2,2,0.666666666667,0
util/Attribute.java,0,0,0,0,0
util/AttributeFactory.java,0,1,1,1.0,0
util/AttributeImpl.java,0,2,2,0.666666666667,0
util/AttributeReflector.java,0,0,0,0,0
util/AttributeSource.java,0,3,3,0.428571428571,0
util/BitDocIdSet.java,0,1,1,1.0,0
util/Bits.java,0,0,0,0,0
util/BitSet.java,0,2,2,0.75,0
util/BitSetIterator.java,0,1,1,1.0,0
util/BitUtil.java,0,2,2,0.666666666667,0
util/ByteBlockPool.java,0,0,0,0,0
util/BytesRef.java,0,2,2,0.5,0
util/BytesRefArray.java,0,2,2,0.5,0
util/BytesRefBuilder.java,0,1,1,1.0,0
util/BytesRefComparator.java,0,0,0,0,0
util/BytesRefHash.java,0,2,2,0.75,0
util/BytesRefIterator.java,0,0,0,0,0
util/CharsRef.java,0,1,1,1.0,0
util/CharsRefBuilder.java,0,1,1,1.0,0
util/CloseableThreadLocal.java,0,1,1,1.0,0
util/CollectionUtil.java,0,0,0,0,0
util/CommandLineUtil.java,0,2,2,0.5,0
util/Constants.java,0,2,2,0.6,1
util/Counter.java,0,0,0,0,0
util/DocIdSetBuilder.java,0,1,1,1.0,0
util/FilterIterator.java,0,0,0,0,0
util/FixedBitSet.java,0,3,3,0.642857142857,2
util/FixedLengthBytesRefArray.java,0,0,0,0,0
util/FrequencyTrackingRingBuffer.java,0,1,1,1.0,0
util/InfoStream.java,0,1,1,1.0,0
util/InPlaceMergeSorter.java,0,0,0,0,0
util/IntArrayDocIdSet.java,0,0,0,0,0
util/IntBlockPool.java,0,0,0,0,0
util/IntroSelector.java,0,0,0,0,0
util/IntroSorter.java,0,0,0,0,0
util/IntsRef.java,0,1,1,1.0,0
util/IntsRefBuilder.java,0,1,1,1.0,0
util/IOUtils.java,0,5,5,0.461538461538,2
util/LongBitSet.java,0,2,2,0.666666666667,2
util/LongsRef.java,0,1,1,1.0,0
util/LongValues.java,0,1,1,1.0,0
util/LSBRadixSorter.java,0,0,0,0,0
util/MapOfSets.java,0,1,1,1.0,0
util/MathUtil.java,0,0,0,0,0
util/MergedIterator.java,0,1,1,1.0,0
util/MSBRadixSorter.java,0,0,0,0,0
util/MutableBits.java,0,0,0,0,0
util/NamedSPILoader.java,0,2,2,0.5,1
util/NamedThreadFactory.java,0,0,0,0,0
util/NotDocIdSet.java,0,1,1,1.0,0
util/NumericUtils.java,0,4,4,0.571428571429,0
util/OfflineSorter.java,0,4,4,0.571428571429,0
util/package-info.java,0,0,0,0,0
util/PagedBytes.java,0,2,2,0.571428571429,0
util/PrintStreamInfoStream.java,0,1,1,1.0,3
util/PriorityQueue.java,0,2,2,0.75,0
util/QueryBuilder.java,0,2,2,0.5,1
util/RadixSelector.java,0,0,0,0,0
util/RamUsageEstimator.java,0,2,2,0.625,1
util/RecyclingByteBlockAllocator.java,0,0,0,0,0
util/RecyclingIntBlockAllocator.java,0,0,0,0,0
util/RefCount.java,0,0,0,0,0
util/RoaringDocIdSet.java,0,2,2,0.833333333333,0
util/RollingBuffer.java,0,0,0,0,0
util/Selector.java,0,0,0,0,0
util/SentinelIntSet.java,0,2,2,0.5,1
util/SetOnce.java,0,2,2,0.5,0
util/SloppyMath.java,0,2,2,0.5,0
util/SmallFloat.java,0,0,0,0,0
util/SortableBytesRefArray.java,0,0,0,0,0
util/Sorter.java,0,0,0,0,0
util/SparseFixedBitSet.java,0,2,2,0.8,1
util/SPIClassIterator.java,0,3,3,0.5,0
util/StrictStringTokenizer.java,0,1,1,1.0,0
util/StringHelper.java,0,4,4,0.6,1
util/StringMSBRadixSorter.java,0,0,0,0,0
util/SuppressForbidden.java,0,0,0,0,0
util/ThreadInterruptedException.java,0,0,0,0,0
util/TimSorter.java,0,0,0,0,2
util/ToStringUtils.java,0,0,0,0,0
util/UnicodeUtil.java,0,4,4,0.333333333333,0
util/Version.java,0,6,6,0.25,1
util/VirtualMethod.java,0,2,2,0.5,0
util/WeakIdentityMap.java,0,1,1,1.0,1
util/automaton/Automata.java,0,2,2,0.666666666667,0
util/automaton/Automaton.java,0,2,2,0.846153846154,0
util/automaton/AutomatonProvider.java,0,1,1,1.0,0
util/automaton/ByteRunAutomaton.java,0,1,1,1.0,0
util/automaton/CharacterRunAutomaton.java,0,1,1,1.0,0
util/automaton/CompiledAutomaton.java,0,3,3,0.714285714286,0
util/automaton/DaciukMihovAutomatonBuilder.java,0,3,3,0.6,0
util/automaton/FiniteStringsIterator.java,0,0,0,0,0
util/automaton/Lev1ParametricDescription.java,0,0,0,0,0
util/automaton/Lev1TParametricDescription.java,0,0,0,0,0
util/automaton/Lev2ParametricDescription.java,0,0,0,0,0
util/automaton/Lev2TParametricDescription.java,0,0,0,0,0
util/automaton/LevenshteinAutomata.java,0,2,2,0.857142857143,1
util/automaton/LimitedFiniteStringsIterator.java,0,0,0,0,0
util/automaton/MinimizationOperations.java,0,2,2,0.8,0
util/automaton/Operations.java,0,3,3,0.75,0
util/automaton/package-info.java,0,0,0,0,0
util/automaton/RegExp.java,0,2,2,0.666666666667,1
util/automaton/RunAutomaton.java,0,2,2,0.857142857143,0
util/automaton/SortedIntSet.java,0,2,2,0.666666666667,0
util/automaton/StatePair.java,0,1,1,1.0,0
util/automaton/TooComplexToDeterminizeException.java,0,1,1,1.0,0
util/automaton/Transition.java,0,1,1,1.0,0
util/automaton/UTF32ToUTF8.java,0,2,2,0.8,0
util/bkd/BKDReader.java,0,0,0,0,0
util/bkd/BKDWriter.java,0,0,0,0,0
util/bkd/DocIdsWriter.java,0,0,0,0,0
util/bkd/HeapPointReader.java,0,0,0,0,0
util/bkd/HeapPointWriter.java,0,0,0,0,0
util/bkd/MutablePointsReaderUtils.java,0,0,0,0,0
util/bkd/OfflinePointReader.java,0,0,0,0,0
util/bkd/OfflinePointWriter.java,0,0,0,0,0
util/bkd/package-info.java,0,0,0,0,0
util/bkd/PointReader.java,0,0,0,0,0
util/bkd/PointWriter.java,0,0,0,0,0
util/fst/Builder.java,0,3,3,0.5,0
util/fst/ByteSequenceOutputs.java,0,3,3,0.6,0
util/fst/BytesRefFSTEnum.java,0,1,1,1.0,0
util/fst/BytesStore.java,0,3,3,0.666666666667,0
util/fst/CharSequenceOutputs.java,0,1,1,1.0,0
util/fst/ForwardBytesReader.java,0,1,1,1.0,0
util/fst/FST.java,0,4,4,0.357142857143,0
util/fst/FSTEnum.java,0,1,1,1.0,0
util/fst/IntSequenceOutputs.java,0,2,2,0.666666666667,0
util/fst/IntsRefFSTEnum.java,0,1,1,1.0,0
util/fst/NodeHash.java,0,2,2,0.5,0
util/fst/NoOutputs.java,0,2,2,0.5,0
util/fst/Outputs.java,0,3,3,0.5,0
util/fst/package-info.java,0,0,0,0,0
util/fst/PairOutputs.java,0,3,3,0.714285714286,0
util/fst/PositiveIntOutputs.java,0,1,1,1.0,0
util/fst/ReverseBytesReader.java,0,1,1,1.0,0
util/fst/Util.java,0,4,4,0.4,1
util/mutable/MutableValue.java,0,0,0,0,0
util/mutable/MutableValueBool.java,0,1,1,1.0,0
util/mutable/MutableValueDate.java,0,1,1,1.0,0
util/mutable/MutableValueDouble.java,0,1,1,1.0,0
util/mutable/MutableValueFloat.java,0,1,1,1.0,0
util/mutable/MutableValueInt.java,0,1,1,1.0,0
util/mutable/MutableValueLong.java,0,1,1,1.0,0
util/mutable/MutableValueStr.java,0,2,2,0.5,0
util/mutable/package-info.java,0,0,0,0,0
util/packed/AbstractBlockPackedWriter.java,0,1,1,1.0,0
util/packed/AbstractPagedMutable.java,0,2,2,0.666666666667,0
util/packed/BlockPackedReader.java,0,2,2,0.5,0
util/packed/BlockPackedReaderIterator.java,0,1,1,1.0,0
util/packed/BlockPackedWriter.java,0,2,2,0.5,0
util/packed/BulkOperation.java,0,1,1,1.0,0
util/packed/BulkOperationPacked.java,0,1,1,1.0,0
util/packed/BulkOperationPacked1.java,0,0,0,0,0
util/packed/BulkOperationPacked10.java,0,0,0,0,0
util/packed/BulkOperationPacked11.java,0,0,0,0,0
util/packed/BulkOperationPacked12.java,0,0,0,0,0
util/packed/BulkOperationPacked13.java,0,0,0,0,0
util/packed/BulkOperationPacked14.java,0,0,0,0,0
util/packed/BulkOperationPacked15.java,0,0,0,0,0
util/packed/BulkOperationPacked16.java,0,0,0,0,0
util/packed/BulkOperationPacked17.java,0,0,0,0,0
util/packed/BulkOperationPacked18.java,0,0,0,0,0
util/packed/BulkOperationPacked19.java,0,0,0,0,0
util/packed/BulkOperationPacked2.java,0,0,0,0,0
util/packed/BulkOperationPacked20.java,0,0,0,0,0
util/packed/BulkOperationPacked21.java,0,0,0,0,0
util/packed/BulkOperationPacked22.java,0,0,0,0,0
util/packed/BulkOperationPacked23.java,0,0,0,0,0
util/packed/BulkOperationPacked24.java,0,0,0,0,0
util/packed/BulkOperationPacked3.java,0,0,0,0,0
util/packed/BulkOperationPacked4.java,0,0,0,0,0
util/packed/BulkOperationPacked5.java,0,0,0,0,0
util/packed/BulkOperationPacked6.java,0,0,0,0,0
util/packed/BulkOperationPacked7.java,0,0,0,0,0
util/packed/BulkOperationPacked8.java,0,0,0,0,0
util/packed/BulkOperationPacked9.java,0,0,0,0,0
util/packed/BulkOperationPackedSingleBlock.java,0,0,0,0,0
util/packed/DeltaPackedLongValues.java,0,1,1,1.0,0
util/packed/Direct16.java,0,2,2,0.5,0
util/packed/Direct32.java,0,2,2,0.5,0
util/packed/Direct64.java,0,1,1,1.0,0
util/packed/Direct8.java,0,2,2,0.5,0
util/packed/DirectMonotonicReader.java,0,0,0,0,0
util/packed/DirectMonotonicWriter.java,0,0,0,0,0
util/packed/DirectPacked64SingleBlockReader.java,0,1,1,1.0,0
util/packed/DirectPackedReader.java,0,2,2,0.666666666667,0
util/packed/DirectReader.java,0,1,1,1.0,0
util/packed/DirectWriter.java,0,2,2,0.666666666667,0
util/packed/GrowableWriter.java,0,1,1,1.0,0
util/packed/MonotonicBlockPackedReader.java,0,2,2,0.571428571429,0
util/packed/MonotonicBlockPackedWriter.java,0,1,1,1.0,0
util/packed/MonotonicLongValues.java,0,1,1,1.0,0
util/packed/package-info.java,0,0,0,0,1
util/packed/Packed16ThreeBlocks.java,0,1,1,1.0,0
util/packed/Packed64.java,0,2,2,0.666666666667,0
util/packed/Packed64SingleBlock.java,0,2,2,0.5,0
util/packed/Packed8ThreeBlocks.java,0,1,1,1.0,0
util/packed/PackedDataInput.java,0,0,0,0,0
util/packed/PackedDataOutput.java,0,0,0,0,0
util/packed/PackedInts.java,0,2,2,0.545454545455,1
util/packed/PackedLongValues.java,0,2,2,0.666666666667,0
util/packed/PackedReaderIterator.java,0,1,1,1.0,0
util/packed/PackedWriter.java,0,1,1,1.0,0
util/packed/PagedGrowableWriter.java,0,1,1,1.0,0
util/packed/PagedMutable.java,0,0,0,0,0